customer_id,customer_name,gender,city,signup_date
1,Arjun Sharma,Female,Delhi,2022-08-17
2,Kabir Patel,Male,Pune,2023-03-09
3,Vivaan Sharma,Male,Delhi,2022-08-27
4,Riya Joshi,Male,Pune,2022-07-23
5,Sara Nair,Male,Hyderabad,2023-08-27
6,Ishaan Sharma,Male,Chennai,2023-03-09
7,Ananya Khan,Male,Delhi,2022-12-11
8,Arjun Patel,Female,Mumbai,2023-01-03
9,Diya Joshi,Female,Kolkata,2022-02-14
10,Kavya Kapoor,Male,Hyderabad,2022-03-22
11,Sara Khan,Female,Pune,2022-07-16
12,Aditya Sharma,Male,Kolkata,2022-10-24
13,Aditya Gupta,Male,Hyderabad,2022-10-12
14,Kavya Iyer,Male,Bangalore,2022-12-30
15,Rahul Khan,Male,Pune,2023-10-13
16,Rohan Kapoor,Male,Delhi,2023-04-19
17,Aisha Khan,Male,Chennai,2022-11-29
18,Vivaan Gupta,Male,Kolkata,2022-11-20
19,Aisha Khan,Male,Delhi,2023-08-04
20,Ananya Gupta,Female,Hyderabad,2023-10-21
21,Kavya Mehta,Female,Delhi,2022-09-10
22,Sara Kapoor,Female,Chennai,2023-08-22
23,Isha Joshi,Female,Bangalore,2022-08-13
24,Kabir Kapoor,Female,Mumbai,2022-02-18
25,Arjun Mehta,Male,Kolkata,2023-11-28
26,Isha Joshi,Male,Hyderabad,2023-01-26
27,Neha Reddy,Female,Pune,2022-01-12
28,Arjun Kapoor,Female,Kolkata,2023-10-19
29,Ananya Patel,Female,Hyderabad,2022-06-11
30,Kavya Sharma,Female,Pune,2022-07-02
31,Riya Patel,Female,Kolkata,2023-10-17
32,Riya Joshi,Male,Delhi,2023-01-18
33,Rohan Kapoor,Male,Pune,2022-11-28
34,Meera Sharma,Male,Bangalore,2022-11-11
35,Karan Sharma,Male,Pune,2022-03-22
36,Aditya Reddy,Male,Kolkata,2023-06-30
37,Kabir Mehta,Female,Pune,2022-06-19
38,Ishaan Kapoor,Female,Delhi,2023-07-07
39,Rahul Khan,Female,Chennai,2023-10-28
40,Diya Reddy,Female,Mumbai,2022-09-11
41,Karan Patel,Female,Mumbai,2023-08-26
42,Sara Gupta,Male,Mumbai,2022-03-14
43,Vivaan Gupta,Male,Mumbai,2022-12-05
44,Aditya Kapoor,Male,Bangalore,2023-11-17
45,Meera Gupta,Male,Chennai,2023-08-08
46,Pooja Reddy,Male,Kolkata,2023-04-30
47,Isha Gupta,Male,Mumbai,2023-11-06
48,Isha Iyer,Female,Hyderabad,2023-04-24
49,Vivaan Patel,Male,Hyderabad,2022-12-14
50,Arjun Gupta,Male,Delhi,2023-07-04
51,Kavya Mehta,Female,Delhi,2022-10-13
52,Kavya Gupta,Male,Hyderabad,2023-07-18
53,Arjun Sharma,Male,Mumbai,2022-08-31
54,Rohan Nair,Female,Hyderabad,2022-08-07
55,Aisha Sharma,Male,Hyderabad,2022-01-03
56,Aisha Khan,Female,Bangalore,2023-03-10
57,Sara Reddy,Male,Delhi,2022-10-31
58,Rahul Sharma,Male,Chennai,2022-11-18
59,Vivaan Sharma,Female,Pune,2023-06-28
60,Rohan Sharma,Male,Kolkata,2022-07-10
61,Aditya Joshi,Male,Chennai,2022-08-29
62,Aisha Patel,Male,Pune,2023-09-01
63,Vivaan Joshi,Male,Hyderabad,2023-11-05
64,Pooja Joshi,Female,Bangalore,2022-07-29
65,Ananya Gupta,Female,Hyderabad,2022-05-15
66,Varun Reddy,Female,Kolkata,2022-03-16
67,Aarav Reddy,Male,Mumbai,2023-07-05
68,Rahul Kapoor,Female,Delhi,2022-12-24
69,Aditya Gupta,Female,Bangalore,2022-06-11
70,Kavya Kapoor,Female,Pune,2023-11-01
71,Riya Sharma,Female,Chennai,2022-04-17
72,Kabir Khan,Male,Mumbai,2023-07-21
73,Kabir Khan,Female,Pune,2022-08-04
74,Ananya Gupta,Female,Pune,2023-05-16
75,Ishaan Sharma,Male,Chennai,2023-03-10
76,Ishaan Sharma,Male,Bangalore,2022-05-14
77,Ishaan Mehta,Female,Pune,2023-03-14
78,Sara Sharma,Male,Mumbai,2022-06-02
79,Sara Sharma,Female,Pune,2023-07-20
80,Kabir Nair,Male,Mumbai,2022-11-12
81,Diya Sharma,Female,Delhi,2023-11-30
82,Karan Patel,Female,Kolkata,2023-07-28
83,Isha Joshi,Male,Delhi,2022-06-16
84,Rohan Nair,Male,Delhi,2022-12-07
85,Isha Gupta,Female,Delhi,2022-04-21
86,Aisha Sharma,Female,Delhi,2022-07-24
87,Kavya Iyer,Female,Kolkata,2022-08-22
88,Karan Sharma,Male,Hyderabad,2022-12-03
89,Ishaan Patel,Female,Bangalore,2023-10-19
90,Riya Nair,Female,Mumbai,2022-04-29
91,Ishaan Mehta,Female,Mumbai,2022-04-22
92,Neha Nair,Female,Chennai,2022-11-18
93,Isha Joshi,Male,Hyderabad,2023-08-14
94,Rahul Khan,Male,Chennai,2023-03-23
95,Aarav Kapoor,Male,Bangalore,2023-03-18
96,Aditya Iyer,Female,Chennai,2022-05-08
97,Varun Kapoor,Female,Chennai,2023-02-23
98,Ananya Nair,Female,Pune,2022-05-11
99,Rahul Nair,Female,Chennai,2022-06-28
100,Neha Joshi,Female,Hyderabad,2023-07-16
101,Aarav Khan,Female,Delhi,2023-03-17
102,Pooja Joshi,Female,Hyderabad,2023-03-29
103,Kavya Gupta,Female,Kolkata,2022-06-23
104,Aditya Khan,Female,Mumbai,2022-08-29
105,Varun Gupta,Male,Delhi,2022-01-26
106,Vivaan Gupta,Female,Pune,2022-03-16
107,Kavya Nair,Male,Chennai,2023-01-29
108,Meera Nair,Male,Delhi,2023-11-03
109,Aarav Patel,Female,Delhi,2022-06-30
110,Riya Reddy,Male,Pune,2022-09-13
111,Arjun Reddy,Male,Kolkata,2023-04-21
112,Riya Kapoor,Female,Kolkata,2023-03-30
113,Neha Kapoor,Female,Kolkata,2023-07-16
114,Kavya Mehta,Female,Hyderabad,2022-09-23
115,Karan Khan,Female,Chennai,2022-09-02
116,Ishaan Reddy,Male,Chennai,2022-10-20
117,Karan Khan,Female,Bangalore,2023-07-08
118,Aditya Mehta,Male,Delhi,2023-01-28
119,Kabir Gupta,Male,Hyderabad,2023-02-22
120,Ananya Kapoor,Female,Hyderabad,2022-03-05
121,Rahul Nair,Female,Kolkata,2023-08-22
122,Aarav Joshi,Female,Hyderabad,2022-01-07
123,Diya Khan,Female,Kolkata,2023-03-06
124,Sara Kapoor,Male,Hyderabad,2022-08-13
125,Ishaan Nair,Female,Mumbai,2023-02-03
126,Ananya Nair,Male,Kolkata,2023-04-24
127,Kabir Joshi,Male,Hyderabad,2023-08-30
128,Pooja Sharma,Male,Chennai,2023-03-15
129,Kabir Reddy,Male,Mumbai,2022-09-24
130,Aisha Iyer,Male,Hyderabad,2022-12-01
131,Ananya Nair,Female,Kolkata,2023-03-08
132,Ishaan Patel,Female,Mumbai,2023-07-07
133,Vivaan Iyer,Male,Chennai,2022-03-12
134,Vivaan Sharma,Male,Delhi,2022-01-21
135,Neha Mehta,Male,Delhi,2023-04-30
136,Arjun Joshi,Male,Hyderabad,2022-09-20
137,Diya Mehta,Male,Kolkata,2022-06-17
138,Varun Patel,Male,Bangalore,2023-08-13
139,Aisha Nair,Male,Mumbai,2023-08-30
140,Karan Patel,Female,Kolkata,2023-12-02
141,Neha Patel,Male,Bangalore,2023-06-30
142,Isha Iyer,Male,Pune,2023-10-26
143,Ananya Sharma,Female,Kolkata,2023-05-17
144,Arjun Nair,Female,Chennai,2023-04-16
145,Kabir Nair,Male,Chennai,2023-06-19
146,Ishaan Joshi,Female,Hyderabad,2023-03-23
147,Pooja Khan,Female,Kolkata,2022-09-09
148,Aditya Khan,Female,Delhi,2023-04-21
149,Pooja Joshi,Female,Bangalore,2022-01-30
150,Meera Iyer,Male,Hyderabad,2022-08-06
151,Diya Khan,Female,Bangalore,2023-09-03
152,Ishaan Kapoor,Male,Pune,2022-07-15
153,Aditya Gupta,Female,Hyderabad,2023-07-23
154,Karan Reddy,Female,Hyderabad,2022-01-18
155,Aditya Khan,Male,Hyderabad,2022-09-07
156,Varun Joshi,Female,Hyderabad,2023-07-21
157,Riya Iyer,Female,Chennai,2023-07-18
158,Ananya Iyer,Female,Bangalore,2022-11-10
159,Ishaan Gupta,Male,Chennai,2022-07-17
160,Ananya Patel,Male,Delhi,2022-08-10
161,Meera Khan,Female,Mumbai,2022-07-18
162,Varun Gupta,Female,Delhi,2022-11-06
163,Aarav Kapoor,Male,Bangalore,2022-02-16
164,Vivaan Kapoor,Female,Chennai,2022-05-10
165,Meera Patel,Male,Pune,2022-10-19
166,Meera Reddy,Female,Bangalore,2022-07-08
167,Vivaan Khan,Female,Mumbai,2022-03-08
168,Aisha Reddy,Male,Pune,2023-10-07
169,Vivaan Mehta,Male,Kolkata,2023-07-31
170,Varun Patel,Male,Mumbai,2023-07-26
171,Isha Joshi,Male,Kolkata,2023-06-20
172,Aisha Reddy,Female,Bangalore,2023-08-26
173,Isha Khan,Male,Pune,2022-04-12
174,Rahul Gupta,Female,Chennai,2022-03-25
175,Rohan Gupta,Male,Pune,2022-03-18
176,Rohan Sharma,Female,Hyderabad,2023-09-01
177,Meera Khan,Male,Delhi,2022-10-23
178,Varun Reddy,Male,Chennai,2022-08-28
179,Ishaan Joshi,Male,Hyderabad,2022-04-28
180,Sara Gupta,Male,Bangalore,2022-05-26
181,Aditya Sharma,Male,Kolkata,2022-11-11
182,Neha Joshi,Female,Hyderabad,2022-05-08
183,Kavya Khan,Female,Bangalore,2023-05-28
184,Sara Reddy,Female,Mumbai,2023-09-05
185,Vivaan Nair,Female,Pune,2022-09-14
186,Aarav Patel,Male,Chennai,2023-08-13
187,Pooja Sharma,Female,Pune,2022-02-11
188,Rohan Reddy,Female,Bangalore,2022-07-05
189,Pooja Nair,Female,Mumbai,2023-04-27
190,Diya Nair,Female,Bangalore,2023-11-18
191,Arjun Mehta,Female,Hyderabad,2023-05-23
192,Varun Nair,Male,Hyderabad,2022-04-01
193,Ananya Khan,Female,Mumbai,2023-02-18
194,Riya Sharma,Female,Hyderabad,2022-02-25
195,Rahul Kapoor,Female,Pune,2023-05-26
196,Kavya Sharma,Male,Bangalore,2023-07-17
197,Kabir Khan,Female,Chennai,2023-05-12
198,Arjun Sharma,Male,Chennai,2022-06-12
199,Varun Kapoor,Male,Pune,2023-02-22
200,Aditya Gupta,Male,Hyderabad,2022-05-01
201,Kabir Reddy,Female,Pune,2022-10-07
202,Isha Reddy,Female,Delhi,2023-04-13
203,Sara Mehta,Female,Delhi,2023-09-06
204,Riya Mehta,Male,Bangalore,2023-03-01
205,Ananya Kapoor,Female,Kolkata,2022-01-03
206,Varun Khan,Female,Kolkata,2022-06-02
207,Kavya Kapoor,Female,Bangalore,2022-12-07
208,Sara Kapoor,Female,Hyderabad,2022-11-26
209,Rahul Gupta,Female,Delhi,2023-02-25
210,Vivaan Iyer,Female,Chennai,2023-01-26
211,Aisha Mehta,Female,Mumbai,2022-05-10
212,Riya Joshi,Female,Kolkata,2022-04-13
213,Kavya Patel,Female,Mumbai,2022-05-28
214,Isha Mehta,Male,Hyderabad,2022-09-29
215,Ananya Joshi,Female,Chennai,2022-03-24
216,Ananya Kapoor,Female,Bangalore,2023-10-04
217,Meera Kapoor,Male,Pune,2022-03-12
218,Karan Khan,Male,Chennai,2022-04-03
219,Isha Patel,Male,Hyderabad,2022-06-20
220,Varun Sharma,Male,Bangalore,2022-02-27
221,Varun Iyer,Female,Hyderabad,2022-05-30
222,Karan Kapoor,Female,Pune,2023-11-30
223,Rohan Mehta,Male,Mumbai,2023-09-17
224,Aisha Joshi,Male,Hyderabad,2023-08-21
225,Kabir Gupta,Female,Chennai,2022-09-18
226,Kavya Khan,Male,Kolkata,2023-04-22
227,Varun Kapoor,Male,Mumbai,2023-03-29
228,Diya Joshi,Female,Chennai,2023-03-11
229,Ishaan Reddy,Female,Delhi,2023-01-29
230,Meera Patel,Male,Hyderabad,2023-08-09
231,Diya Joshi,Female,Chennai,2022-10-30
232,Aarav Nair,Female,Mumbai,2023-08-03
233,Vivaan Joshi,Female,Kolkata,2022-10-21
234,Karan Joshi,Female,Delhi,2023-10-14
235,Rahul Joshi,Female,Chennai,2023-11-07
236,Kabir Patel,Male,Bangalore,2023-03-28
237,Vivaan Joshi,Female,Chennai,2022-05-15
238,Aditya Khan,Female,Chennai,2023-03-02
239,Rohan Gupta,Male,Kolkata,2023-07-07
240,Diya Kapoor,Female,Kolkata,2022-06-18
241,Ishaan Reddy,Female,Chennai,2022-12-13
242,Arjun Reddy,Male,Delhi,2022-08-20
243,Aisha Kapoor,Female,Mumbai,2023-02-09
244,Aarav Khan,Male,Hyderabad,2023-01-13
245,Ishaan Joshi,Female,Kolkata,2023-10-16
246,Diya Patel,Male,Hyderabad,2022-01-26
247,Neha Kapoor,Female,Pune,2022-08-15
248,Aditya Reddy,Female,Chennai,2023-02-23
249,Arjun Mehta,Male,Mumbai,2022-11-08
250,Meera Patel,Male,Delhi,2023-07-05
251,Kabir Nair,Female,Bangalore,2023-11-18
252,Sara Nair,Male,Hyderabad,2023-11-02
253,Arjun Reddy,Female,Bangalore,2022-02-03
254,Diya Gupta,Female,Hyderabad,2022-08-30
255,Diya Patel,Female,Pune,2023-10-23
256,Diya Sharma,Female,Bangalore,2022-07-14
257,Arjun Reddy,Male,Chennai,2022-08-06
258,Neha Sharma,Male,Kolkata,2022-12-08
259,Karan Mehta,Male,Mumbai,2023-07-22
260,Rahul Joshi,Male,Kolkata,2022-08-27
261,Ananya Mehta,Male,Bangalore,2022-05-29
262,Kabir Kapoor,Female,Kolkata,2022-06-28
263,Arjun Sharma,Male,Mumbai,2023-01-02
264,Karan Joshi,Female,Mumbai,2022-06-28
265,Ishaan Sharma,Male,Chennai,2023-03-08
266,Riya Patel,Male,Hyderabad,2023-04-05
267,Diya Kapoor,Male,Hyderabad,2023-05-31
268,Karan Joshi,Male,Chennai,2023-11-06
269,Riya Khan,Female,Chennai,2022-02-01
270,Vivaan Reddy,Female,Hyderabad,2022-04-21
271,Meera Reddy,Male,Mumbai,2022-11-26
272,Neha Mehta,Male,Delhi,2022-10-09
273,Neha Joshi,Female,Hyderabad,2023-09-04
274,Riya Khan,Female,Pune,2023-09-12
275,Isha Patel,Male,Kolkata,2023-11-02
276,Sara Gupta,Female,Hyderabad,2022-08-22
277,Isha Iyer,Female,Hyderabad,2023-03-02
278,Arjun Iyer,Female,Bangalore,2023-11-13
279,Ishaan Iyer,Male,Chennai,2023-05-01
280,Aditya Patel,Male,Mumbai,2023-03-19
281,Arjun Iyer,Male,Pune,2022-03-03
282,Pooja Kapoor,Female,Chennai,2022-05-06
283,Isha Iyer,Female,Kolkata,2022-02-22
284,Varun Joshi,Female,Bangalore,2022-04-17
285,Pooja Kapoor,Male,Delhi,2023-11-04
286,Meera Gupta,Male,Bangalore,2023-07-24
287,Diya Patel,Female,Pune,2022-08-20
288,Isha Kapoor,Male,Pune,2023-11-05
289,Ishaan Sharma,Male,Bangalore,2022-11-13
290,Ananya Iyer,Male,Delhi,2022-05-27
291,Pooja Nair,Male,Delhi,2023-10-11
292,Aarav Patel,Male,Hyderabad,2023-03-06
293,Kavya Iyer,Male,Bangalore,2022-11-16
294,Ananya Joshi,Male,Mumbai,2022-06-09
295,Rohan Joshi,Male,Chennai,2022-03-25
296,Ishaan Reddy,Female,Hyderabad,2023-09-14
297,Kavya Nair,Female,Delhi,2023-06-09
298,Arjun Iyer,Female,Mumbai,2022-10-18
299,Pooja Reddy,Female,Mumbai,2022-08-14
300,Aisha Joshi,Male,Mumbai,2022-07-29
301,Varun Gupta,Male,Kolkata,2022-09-19
302,Varun Iyer,Male,Mumbai,2023-05-25
303,Isha Mehta,Male,Hyderabad,2023-06-30
304,Karan Kapoor,Female,Mumbai,2023-02-11
305,Vivaan Nair,Male,Hyderabad,2022-03-21
306,Ananya Joshi,Female,Pune,2023-02-19
307,Isha Khan,Male,Hyderabad,2022-01-22
308,Ananya Mehta,Female,Kolkata,2023-01-06
309,Aditya Nair,Male,Delhi,2023-03-23
310,Pooja Nair,Male,Hyderabad,2022-11-14
311,Ananya Gupta,Female,Kolkata,2022-06-22
312,Aditya Kapoor,Male,Pune,2023-06-07
313,Rahul Iyer,Female,Chennai,2023-10-23
314,Kabir Gupta,Male,Delhi,2022-09-20
315,Rahul Mehta,Male,Kolkata,2023-11-03
316,Aditya Mehta,Female,Hyderabad,2023-08-01
317,Pooja Reddy,Female,Kolkata,2023-10-05
318,Ananya Mehta,Female,Mumbai,2023-04-26
319,Kavya Khan,Female,Pune,2022-02-27
320,Diya Kapoor,Male,Bangalore,2023-04-18
321,Kavya Sharma,Male,Bangalore,2022-10-21
322,Aditya Patel,Female,Hyderabad,2023-08-18
323,Sara Sharma,Female,Kolkata,2023-08-09
324,Rahul Iyer,Female,Pune,2022-06-04
325,Vivaan Reddy,Male,Kolkata,2022-12-18
326,Aditya Kapoor,Male,Mumbai,2022-09-11
327,Kavya Reddy,Male,Bangalore,2023-01-17
328,Varun Nair,Female,Kolkata,2022-12-13
329,Neha Sharma,Female,Mumbai,2022-12-04
330,Arjun Kapoor,Female,Bangalore,2022-09-16
331,Neha Mehta,Female,Mumbai,2023-08-20
332,Kabir Iyer,Female,Chennai,2023-11-10
333,Aisha Mehta,Male,Bangalore,2023-07-27
334,Aisha Iyer,Male,Chennai,2023-06-24
335,Aditya Nair,Female,Mumbai,2023-01-07
336,Varun Mehta,Male,Bangalore,2023-05-13
337,Rahul Gupta,Male,Delhi,2022-03-21
338,Varun Patel,Male,Chennai,2022-12-11
339,Neha Mehta,Female,Delhi,2022-06-16
340,Rohan Joshi,Male,Chennai,2023-03-25
341,Vivaan Nair,Female,Chennai,2022-09-01
342,Kavya Joshi,Female,Kolkata,2023-04-05
343,Karan Kapoor,Male,Bangalore,2023-04-26
344,Rahul Iyer,Female,Hyderabad,2022-10-16
345,Aisha Kapoor,Female,Delhi,2022-07-24
346,Neha Mehta,Female,Mumbai,2023-10-19
347,Meera Iyer,Male,Chennai,2023-06-13
348,Arjun Khan,Male,Kolkata,2022-06-14
349,Ishaan Reddy,Male,Kolkata,2023-03-24
350,Aditya Gupta,Female,Bangalore,2022-01-28
351,Isha Sharma,Female,Pune,2023-01-18
352,Karan Nair,Male,Bangalore,2022-08-18
353,Aarav Iyer,Male,Kolkata,2023-10-28
354,Ananya Mehta,Male,Mumbai,2022-10-21
355,Meera Mehta,Female,Hyderabad,2023-09-23
356,Aarav Patel,Male,Bangalore,2022-08-09
357,Kabir Kapoor,Female,Mumbai,2022-10-23
358,Karan Khan,Male,Mumbai,2022-09-02
359,Isha Joshi,Female,Mumbai,2022-04-24
360,Meera Joshi,Male,Chennai,2023-06-12
361,Pooja Gupta,Male,Bangalore,2023-03-16
362,Aarav Joshi,Female,Delhi,2023-08-08
363,Isha Mehta,Male,Pune,2023-01-05
364,Aditya Kapoor,Male,Hyderabad,2023-04-27
365,Vivaan Nair,Female,Bangalore,2022-01-17
366,Diya Patel,Female,Delhi,2023-11-04
367,Arjun Joshi,Female,Delhi,2022-02-15
368,Diya Kapoor,Female,Kolkata,2023-10-21
369,Rohan Reddy,Female,Chennai,2022-07-06
370,Kabir Patel,Female,Mumbai,2022-10-28
371,Rahul Sharma,Male,Mumbai,2022-11-20
372,Varun Kapoor,Female,Kolkata,2023-07-11
373,Meera Khan,Male,Kolkata,2023-10-25
374,Rahul Khan,Female,Kolkata,2022-02-18
375,Ananya Khan,Male,Kolkata,2023-01-12
376,Isha Nair,Female,Hyderabad,2022-12-14
377,Rohan Reddy,Female,Bangalore,2023-06-16
378,Ishaan Patel,Female,Mumbai,2023-03-17
379,Neha Mehta,Female,Bangalore,2022-04-16
380,Aditya Iyer,Female,Bangalore,2023-04-02
381,Neha Nair,Male,Chennai,2023-03-31
382,Diya Reddy,Male,Chennai,2022-12-28
383,Neha Nair,Female,Chennai,2022-02-28
384,Aditya Nair,Female,Pune,2023-11-27
385,Rohan Sharma,Male,Kolkata,2023-09-15
386,Kavya Sharma,Male,Mumbai,2022-08-30
387,Diya Iyer,Female,Pune,2022-02-03
388,Neha Mehta,Female,Bangalore,2023-01-16
389,Kavya Patel,Male,Pune,2023-01-11
390,Aisha Iyer,Female,Delhi,2022-04-27
391,Aarav Mehta,Female,Pune,2023-02-01
392,Sara Patel,Female,Kolkata,2022-09-24
393,Kavya Gupta,Female,Chennai,2023-05-18
394,Rahul Patel,Male,Kolkata,2022-03-17
395,Kavya Mehta,Female,Mumbai,2023-11-30
396,Ananya Iyer,Male,Pune,2023-07-10
397,Varun Khan,Male,Chennai,2023-10-16
398,Rohan Iyer,Male,Mumbai,2022-07-25
399,Kabir Gupta,Female,Mumbai,2023-01-05
400,Sara Joshi,Female,Hyderabad,2023-07-19
401,Kabir Joshi,Male,Mumbai,2022-11-13
402,Aisha Reddy,Female,Kolkata,2023-02-24
403,Pooja Patel,Male,Bangalore,2023-10-20
404,Aditya Reddy,Female,Chennai,2023-06-14
405,Diya Mehta,Male,Kolkata,2022-05-13
406,Isha Kapoor,Male,Kolkata,2022-05-08
407,Riya Mehta,Female,Delhi,2022-06-15
408,Ananya Gupta,Female,Pune,2022-10-18
409,Aditya Khan,Male,Chennai,2023-07-19
410,Ishaan Mehta,Female,Pune,2023-07-01
411,Aditya Kapoor,Male,Pune,2023-08-18
412,Kabir Mehta,Female,Kolkata,2023-08-01
413,Vivaan Sharma,Male,Mumbai,2023-10-19
414,Pooja Khan,Male,Kolkata,2023-08-09
415,Isha Joshi,Male,Hyderabad,2023-10-05
416,Sara Khan,Female,Hyderabad,2022-09-08
417,Aisha Khan,Female,Mumbai,2022-03-03
418,Rohan Reddy,Female,Hyderabad,2023-04-21
419,Rahul Iyer,Male,Bangalore,2022-11-23
420,Diya Nair,Male,Kolkata,2023-01-15
421,Riya Kapoor,Male,Bangalore,2022-09-05
422,Kavya Patel,Female,Hyderabad,2022-09-11
423,Kabir Patel,Male,Bangalore,2023-01-29
424,Neha Nair,Male,Kolkata,2022-06-13
425,Ananya Joshi,Female,Delhi,2022-06-13
426,Meera Kapoor,Female,Hyderabad,2022-11-12
427,Meera Sharma,Male,Hyderabad,2023-06-02
428,Kavya Gupta,Male,Pune,2022-12-28
429,Vivaan Sharma,Female,Hyderabad,2023-09-04
430,Meera Khan,Male,Kolkata,2022-04-21
431,Isha Mehta,Female,Chennai,2023-01-10
432,Aisha Iyer,Male,Hyderabad,2022-02-22
433,Pooja Kapoor,Male,Bangalore,2023-07-21
434,Varun Patel,Female,Pune,2023-04-07
435,Sara Khan,Male,Delhi,2022-04-10
436,Aisha Iyer,Female,Pune,2023-01-10
437,Kabir Gupta,Female,Pune,2022-02-11
438,Vivaan Sharma,Male,Chennai,2022-12-08
439,Meera Kapoor,Female,Delhi,2023-09-13
440,Riya Mehta,Female,Pune,2022-11-23
441,Rohan Nair,Female,Pune,2022-12-11
442,Riya Kapoor,Female,Chennai,2023-07-31
443,Varun Reddy,Male,Bangalore,2022-12-06
444,Arjun Nair,Female,Kolkata,2023-10-07
445,Aarav Joshi,Female,Bangalore,2023-11-03
446,Pooja Joshi,Male,Chennai,2022-02-22
447,Pooja Reddy,Male,Pune,2023-10-07
448,Neha Nair,Male,Kolkata,2023-11-29
449,Karan Sharma,Male,Delhi,2022-01-20
450,Kavya Iyer,Female,Delhi,2023-02-27
451,Rahul Nair,Female,Kolkata,2022-03-05
452,Kabir Kapoor,Male,Pune,2022-11-29
453,Meera Kapoor,Female,Bangalore,2022-06-27
454,Kavya Kapoor,Female,Pune,2022-12-29
455,Ishaan Joshi,Female,Delhi,2022-09-10
456,Ishaan Kapoor,Female,Delhi,2022-11-01
457,Varun Gupta,Female,Bangalore,2023-05-07
458,Diya Kapoor,Female,Bangalore,2022-05-05
459,Pooja Kapoor,Female,Hyderabad,2022-12-20
460,Kabir Khan,Male,Bangalore,2022-03-22
461,Diya Reddy,Female,Chennai,2023-05-06
462,Rahul Gupta,Female,Pune,2022-10-06
463,Kabir Patel,Male,Delhi,2022-02-21
464,Riya Gupta,Male,Mumbai,2022-04-13
465,Isha Iyer,Female,Mumbai,2023-11-29
466,Kabir Sharma,Male,Hyderabad,2023-10-31
467,Meera Reddy,Male,Kolkata,2022-10-22
468,Ananya Khan,Male,Kolkata,2022-04-02
469,Pooja Gupta,Male,Delhi,2023-03-04
470,Rohan Sharma,Female,Kolkata,2023-05-23
471,Rohan Khan,Male,Mumbai,2022-11-02
472,Pooja Joshi,Male,Bangalore,2022-10-19
473,Kavya Kapoor,Female,Delhi,2023-06-01
474,Kavya Khan,Male,Kolkata,2022-04-26
475,Ananya Mehta,Female,Chennai,2022-09-21
476,Rohan Sharma,Female,Kolkata,2022-10-30
477,Pooja Gupta,Male,Pune,2023-10-17
478,Aisha Nair,Female,Mumbai,2023-02-15
479,Arjun Mehta,Male,Hyderabad,2022-11-28
480,Karan Sharma,Female,Hyderabad,2022-08-30
481,Kavya Khan,Female,Bangalore,2023-08-20
482,Pooja Sharma,Female,Chennai,2023-01-04
483,Karan Sharma,Male,Hyderabad,2022-11-11
484,Rohan Nair,Female,Chennai,2022-05-01
485,Varun Iyer,Male,Delhi,2022-05-17
486,Meera Mehta,Female,Chennai,2023-09-13
487,Diya Nair,Female,Kolkata,2023-07-05
488,Rahul Gupta,Male,Pune,2023-04-03
489,Riya Iyer,Male,Pune,2022-04-25
490,Vivaan Kapoor,Male,Pune,2023-07-04
491,Kabir Mehta,Female,Kolkata,2023-06-17
492,Kavya Patel,Male,Chennai,2023-08-21
493,Meera Patel,Female,Kolkata,2022-02-26
494,Kavya Mehta,Female,Hyderabad,2023-08-01
495,Vivaan Kapoor,Female,Chennai,2022-11-12
496,Aarav Nair,Female,Kolkata,2022-01-04
497,Rahul Joshi,Male,Mumbai,2023-03-10
498,Diya Patel,Male,Mumbai,2023-04-29
499,Vivaan Khan,Female,Delhi,2022-05-19
500,Isha Iyer,Female,Hyderabad,2023-01-22
501,Aisha Patel,Male,Chennai,2022-12-23
502,Arjun Mehta,Female,Pune,2022-05-11
503,Karan Sharma,Male,Bangalore,2023-04-20
504,Sara Nair,Female,Kolkata,2022-08-24
505,Karan Reddy,Female,Delhi,2022-10-10
506,Rahul Patel,Male,Kolkata,2023-11-08
507,Isha Joshi,Male,Delhi,2022-07-31
508,Aditya Patel,Male,Hyderabad,2023-09-05
509,Vivaan Gupta,Male,Hyderabad,2023-03-26
510,Karan Kapoor,Male,Kolkata,2022-02-27
511,Kabir Kapoor,Female,Delhi,2023-08-13
512,Ananya Joshi,Female,Delhi,2022-11-06
513,Kabir Kapoor,Male,Hyderabad,2022-11-04
514,Ishaan Sharma,Male,Chennai,2023-11-27
515,Isha Kapoor,Female,Mumbai,2022-12-19
516,Aisha Kapoor,Female,Chennai,2023-03-03
517,Isha Mehta,Female,Hyderabad,2022-07-08
518,Sara Reddy,Male,Kolkata,2022-08-19
519,Varun Mehta,Female,Mumbai,2023-07-30
520,Isha Nair,Male,Hyderabad,2022-09-06
521,Ishaan Gupta,Female,Chennai,2022-03-22
522,Kavya Iyer,Male,Pune,2022-07-15
523,Vivaan Khan,Female,Chennai,2023-09-12
524,Neha Sharma,Male,Delhi,2023-08-25
525,Sara Gupta,Female,Delhi,2022-12-07
526,Varun Sharma,Male,Delhi,2022-05-01
527,Meera Gupta,Male,Hyderabad,2022-09-03
528,Sara Iyer,Female,Hyderabad,2023-04-23
529,Sara Iyer,Female,Bangalore,2023-01-04
530,Riya Reddy,Female,Mumbai,2023-04-26
531,Ananya Gupta,Female,Bangalore,2023-02-28
532,Vivaan Joshi,Male,Chennai,2022-05-30
533,Aarav Khan,Female,Bangalore,2022-06-06
534,Rahul Iyer,Male,Hyderabad,2023-08-07
535,Karan Reddy,Female,Bangalore,2023-05-16
536,Meera Reddy,Male,Chennai,2022-12-27
537,Rohan Mehta,Female,Delhi,2023-07-10
538,Vivaan Kapoor,Male,Kolkata,2022-03-18
539,Vivaan Sharma,Female,Delhi,2023-10-08
540,Karan Patel,Male,Mumbai,2022-08-12
541,Riya Reddy,Female,Mumbai,2023-09-25
542,Neha Reddy,Female,Mumbai,2022-01-07
543,Sara Kapoor,Female,Mumbai,2022-01-18
544,Riya Khan,Female,Mumbai,2023-05-30
545,Isha Mehta,Male,Mumbai,2023-06-21
546,Kabir Gupta,Male,Pune,2023-06-24
547,Ishaan Iyer,Female,Kolkata,2023-02-11
548,Aditya Iyer,Female,Hyderabad,2023-08-02
549,Karan Gupta,Female,Chennai,2022-03-24
550,Vivaan Patel,Female,Hyderabad,2023-01-22
551,Sara Reddy,Male,Chennai,2022-01-10
552,Rohan Patel,Female,Kolkata,2023-03-21
553,Ananya Joshi,Male,Pune,2022-02-13
554,Karan Gupta,Female,Bangalore,2022-02-17
555,Aditya Khan,Male,Delhi,2022-11-19
556,Aarav Gupta,Male,Kolkata,2023-02-12
557,Aditya Khan,Male,Pune,2022-09-04
558,Pooja Nair,Female,Hyderabad,2022-05-24
559,Aditya Kapoor,Female,Mumbai,2022-04-11
560,Isha Gupta,Male,Bangalore,2023-09-12
561,Neha Joshi,Female,Kolkata,2022-12-01
562,Aarav Khan,Female,Hyderabad,2022-08-22
563,Diya Kapoor,Female,Hyderabad,2022-07-10
564,Pooja Nair,Male,Kolkata,2023-09-26
565,Varun Gupta,Male,Mumbai,2022-10-02
566,Kabir Nair,Male,Chennai,2023-02-03
567,Ananya Iyer,Male,Mumbai,2022-01-06
568,Varun Reddy,Female,Kolkata,2022-10-04
569,Arjun Mehta,Male,Delhi,2023-03-18
570,Kavya Kapoor,Female,Mumbai,2022-01-27
571,Aditya Iyer,Male,Pune,2023-09-05
572,Ananya Nair,Male,Bangalore,2023-02-28
573,Aisha Patel,Male,Pune,2023-06-18
574,Rohan Nair,Male,Delhi,2022-10-03
575,Varun Khan,Female,Delhi,2022-03-06
576,Rohan Nair,Female,Hyderabad,2022-11-03
577,Meera Patel,Female,Bangalore,2022-09-10
578,Meera Joshi,Male,Hyderabad,2022-04-20
579,Kabir Khan,Male,Hyderabad,2022-12-07
580,Neha Nair,Female,Hyderabad,2022-12-09
581,Isha Joshi,Male,Bangalore,2022-11-25
582,Neha Gupta,Female,Bangalore,2022-07-01
583,Aisha Iyer,Female,Chennai,2023-10-11
584,Meera Joshi,Male,Bangalore,2023-01-21
585,Ishaan Nair,Female,Mumbai,2023-08-01
586,Rahul Joshi,Male,Chennai,2023-07-18
587,Aarav Reddy,Male,Hyderabad,2022-10-26
588,Aditya Nair,Female,Delhi,2023-10-11
589,Varun Gupta,Female,Chennai,2022-06-07
590,Isha Nair,Male,Hyderabad,2023-09-05
591,Meera Joshi,Female,Pune,2023-06-03
592,Isha Kapoor,Male,Kolkata,2023-01-04
593,Sara Joshi,Male,Mumbai,2022-09-12
594,Diya Mehta,Male,Pune,2023-10-23
595,Aisha Iyer,Female,Mumbai,2022-01-11
596,Arjun Khan,Male,Pune,2023-06-16
597,Sara Joshi,Male,Hyderabad,2023-01-19
598,Aisha Reddy,Male,Bangalore,2022-01-26
599,Meera Patel,Female,Hyderabad,2022-03-29
600,Arjun Mehta,Female,Bangalore,2022-12-18
601,Kavya Gupta,Female,Bangalore,2023-05-03
602,Arjun Reddy,Female,Bangalore,2022-03-10
603,Varun Sharma,Male,Mumbai,2022-12-18
604,Arjun Mehta,Male,Pune,2022-06-28
605,Sara Mehta,Female,Pune,2023-03-13
606,Kavya Gupta,Female,Chennai,2022-07-08
607,Rohan Nair,Female,Mumbai,2023-09-21
608,Rahul Reddy,Female,Hyderabad,2022-01-05
609,Rahul Gupta,Female,Kolkata,2022-03-06
610,Pooja Patel,Male,Bangalore,2022-11-30
611,Rahul Reddy,Male,Bangalore,2023-11-18
612,Meera Kapoor,Female,Pune,2023-02-02
613,Neha Nair,Male,Bangalore,2022-12-27
614,Kavya Joshi,Male,Kolkata,2023-11-21
615,Varun Joshi,Male,Chennai,2022-05-18
616,Ananya Patel,Male,Bangalore,2022-04-30
617,Rohan Iyer,Male,Pune,2023-02-02
618,Isha Joshi,Male,Pune,2023-01-28
619,Isha Mehta,Female,Chennai,2023-07-05
620,Rohan Kapoor,Male,Hyderabad,2022-10-23
621,Kabir Mehta,Female,Kolkata,2023-04-07
622,Neha Sharma,Female,Mumbai,2023-05-12
623,Kabir Gupta,Female,Pune,2023-06-02
624,Meera Nair,Female,Hyderabad,2023-03-31
625,Meera Mehta,Male,Pune,2022-02-01
626,Karan Khan,Male,Bangalore,2022-08-19
627,Sara Khan,Male,Kolkata,2023-04-14
628,Pooja Reddy,Male,Pune,2022-04-27
629,Ishaan Kapoor,Female,Pune,2022-02-12
630,Kavya Kapoor,Male,Hyderabad,2022-04-15
631,Karan Khan,Male,Hyderabad,2022-09-27
632,Diya Patel,Female,Kolkata,2022-05-01
633,Karan Gupta,Female,Kolkata,2023-09-17
634,Isha Mehta,Male,Kolkata,2022-07-31
635,Rahul Sharma,Female,Pune,2022-10-15
636,Neha Kapoor,Male,Bangalore,2022-10-27
637,Varun Joshi,Female,Kolkata,2023-06-11
638,Arjun Mehta,Female,Mumbai,2022-10-11
639,Kabir Mehta,Male,Delhi,2022-11-26
640,Karan Nair,Female,Delhi,2023-08-15
641,Ishaan Nair,Female,Hyderabad,2022-03-19
642,Aditya Nair,Female,Chennai,2023-01-13
643,Kavya Reddy,Female,Pune,2022-01-03
644,Aditya Reddy,Female,Kolkata,2022-03-06
645,Sara Nair,Male,Hyderabad,2022-08-05
646,Meera Khan,Female,Kolkata,2022-10-18
647,Ananya Kapoor,Male,Pune,2023-05-12
648,Ananya Sharma,Male,Mumbai,2023-10-04
649,Kavya Sharma,Male,Kolkata,2022-06-11
650,Kavya Reddy,Male,Hyderabad,2022-07-27
651,Kabir Khan,Male,Kolkata,2022-10-08
652,Aditya Iyer,Female,Mumbai,2023-01-16
653,Rohan Sharma,Female,Chennai,2022-11-09
654,Karan Nair,Male,Chennai,2022-04-08
655,Aarav Gupta,Female,Mumbai,2022-05-16
656,Pooja Gupta,Female,Mumbai,2022-01-09
657,Ananya Patel,Female,Chennai,2022-05-16
658,Meera Patel,Male,Hyderabad,2022-04-02
659,Arjun Patel,Female,Bangalore,2022-11-03
660,Kabir Nair,Male,Chennai,2023-11-25
661,Kabir Patel,Male,Pune,2023-10-28
662,Rohan Reddy,Female,Chennai,2022-08-07
663,Kabir Nair,Female,Kolkata,2022-08-11
664,Aditya Patel,Male,Kolkata,2022-05-07
665,Pooja Nair,Female,Hyderabad,2022-11-19
666,Kabir Gupta,Female,Chennai,2022-03-28
667,Karan Kapoor,Female,Kolkata,2022-01-28
668,Varun Gupta,Male,Chennai,2023-02-06
669,Varun Sharma,Male,Hyderabad,2023-01-31
670,Arjun Gupta,Female,Chennai,2023-09-01
671,Aditya Kapoor,Male,Bangalore,2022-11-21
672,Kabir Nair,Female,Bangalore,2023-07-14
673,Rohan Reddy,Male,Mumbai,2023-08-25
674,Aditya Sharma,Female,Delhi,2022-02-10
675,Vivaan Nair,Female,Chennai,2023-05-29
676,Isha Nair,Female,Mumbai,2023-10-18
677,Sara Kapoor,Male,Bangalore,2022-03-27
678,Varun Patel,Male,Kolkata,2022-06-09
679,Sara Iyer,Female,Pune,2023-10-12
680,Aditya Khan,Female,Chennai,2022-09-02
681,Vivaan Gupta,Male,Hyderabad,2022-04-29
682,Kavya Joshi,Male,Bangalore,2023-11-14
683,Rohan Patel,Male,Chennai,2022-05-21
684,Aarav Mehta,Female,Bangalore,2023-06-20
685,Riya Khan,Male,Bangalore,2022-05-10
686,Ishaan Patel,Male,Bangalore,2023-03-16
687,Ishaan Kapoor,Male,Bangalore,2023-08-14
688,Aditya Reddy,Female,Pune,2023-01-04
689,Vivaan Reddy,Male,Bangalore,2022-06-11
690,Ishaan Patel,Male,Delhi,2023-06-06
691,Aarav Sharma,Male,Delhi,2022-02-17
692,Meera Iyer,Female,Delhi,2022-07-03
693,Vivaan Kapoor,Female,Delhi,2022-11-26
694,Karan Nair,Female,Bangalore,2022-03-21
695,Pooja Iyer,Male,Pune,2023-11-21
696,Vivaan Mehta,Male,Kolkata,2023-06-13
697,Vivaan Nair,Male,Hyderabad,2022-10-17
698,Varun Iyer,Male,Pune,2023-04-13
699,Aarav Iyer,Male,Bangalore,2023-08-01
700,Varun Joshi,Male,Hyderabad,2023-01-13
701,Pooja Reddy,Male,Chennai,2023-07-14
702,Karan Mehta,Male,Hyderabad,2022-01-25
703,Karan Kapoor,Female,Chennai,2022-01-10
704,Ananya Sharma,Female,Kolkata,2022-11-11
705,Arjun Gupta,Male,Hyderabad,2023-05-19
706,Vivaan Mehta,Female,Mumbai,2022-02-14
707,Karan Kapoor,Female,Chennai,2023-01-17
708,Kavya Patel,Male,Pune,2022-05-17
709,Aisha Patel,Male,Hyderabad,2023-11-10
710,Kabir Gupta,Female,Bangalore,2022-11-19
711,Aisha Iyer,Female,Hyderabad,2022-10-06
712,Karan Patel,Male,Delhi,2023-08-22
713,Arjun Mehta,Male,Delhi,2023-04-06
714,Kavya Iyer,Female,Mumbai,2023-07-03
715,Diya Gupta,Female,Bangalore,2023-04-20
716,Ishaan Patel,Male,Delhi,2022-11-08
717,Neha Sharma,Male,Kolkata,2022-12-02
718,Kabir Patel,Male,Bangalore,2023-02-10
719,Riya Sharma,Female,Bangalore,2022-06-28
720,Aarav Nair,Female,Pune,2023-07-18
721,Karan Patel,Female,Mumbai,2022-05-24
722,Arjun Sharma,Male,Kolkata,2022-08-16
723,Kabir Gupta,Female,Bangalore,2023-10-08
724,Aditya Joshi,Female,Kolkata,2022-03-18
725,Aarav Patel,Male,Chennai,2023-03-31
726,Kabir Patel,Female,Mumbai,2022-02-13
727,Kavya Sharma,Male,Pune,2023-03-20
728,Aisha Reddy,Male,Hyderabad,2023-12-01
729,Isha Mehta,Female,Delhi,2022-07-11
730,Ishaan Khan,Female,Delhi,2022-02-05
731,Neha Joshi,Male,Chennai,2022-10-30
732,Meera Nair,Female,Mumbai,2022-03-31
733,Ishaan Nair,Male,Hyderabad,2022-07-24
734,Riya Gupta,Male,Hyderabad,2023-01-03
735,Meera Kapoor,Female,Bangalore,2023-08-03
736,Riya Iyer,Female,Bangalore,2022-07-04
737,Aarav Iyer,Male,Mumbai,2022-10-15
738,Vivaan Reddy,Female,Kolkata,2023-08-22
739,Karan Mehta,Male,Delhi,2023-11-04
740,Karan Khan,Male,Kolkata,2022-08-13
741,Pooja Nair,Female,Kolkata,2022-06-27
742,Rohan Gupta,Female,Kolkata,2023-01-03
743,Pooja Sharma,Female,Pune,2023-08-01
744,Kabir Joshi,Male,Kolkata,2023-05-20
745,Sara Khan,Male,Hyderabad,2022-02-08
746,Aditya Sharma,Male,Pune,2022-08-13
747,Aarav Kapoor,Female,Mumbai,2022-12-06
748,Neha Gupta,Male,Bangalore,2022-07-01
749,Ananya Sharma,Male,Delhi,2023-08-24
750,Kabir Patel,Female,Mumbai,2023-01-18
751,Aisha Joshi,Male,Bangalore,2022-11-06
752,Ananya Mehta,Male,Chennai,2023-03-24
753,Meera Iyer,Male,Chennai,2023-07-30
754,Neha Iyer,Male,Chennai,2023-08-27
755,Rohan Nair,Female,Chennai,2022-10-29
756,Kabir Mehta,Male,Chennai,2023-08-10
757,Aisha Joshi,Male,Delhi,2023-09-09
758,Ananya Joshi,Male,Chennai,2023-08-03
759,Arjun Reddy,Male,Bangalore,2022-03-21
760,Karan Iyer,Female,Delhi,2023-10-14
761,Aditya Iyer,Female,Mumbai,2022-09-29
762,Rahul Gupta,Male,Bangalore,2022-09-20
763,Arjun Sharma,Male,Hyderabad,2023-03-25
764,Isha Mehta,Female,Hyderabad,2023-01-23
765,Diya Kapoor,Female,Mumbai,2023-05-06
766,Pooja Gupta,Male,Hyderabad,2022-03-17
767,Vivaan Khan,Male,Bangalore,2022-09-25
768,Arjun Patel,Female,Delhi,2023-01-20
769,Rohan Patel,Male,Bangalore,2023-09-01
770,Neha Reddy,Male,Hyderabad,2023-11-01
771,Rohan Joshi,Female,Delhi,2022-02-24
772,Arjun Iyer,Male,Delhi,2023-02-24
773,Sara Kapoor,Female,Chennai,2022-10-16
774,Varun Gupta,Male,Mumbai,2023-02-07
775,Pooja Kapoor,Female,Delhi,2022-02-25
776,Diya Sharma,Female,Mumbai,2022-10-29
777,Neha Reddy,Male,Mumbai,2022-01-27
778,Rahul Mehta,Female,Mumbai,2023-04-30
779,Arjun Khan,Female,Hyderabad,2023-05-16
780,Ishaan Patel,Female,Delhi,2023-01-15
781,Aisha Iyer,Male,Hyderabad,2022-02-15
782,Ishaan Reddy,Female,Bangalore,2022-08-20
783,Ishaan Joshi,Male,Delhi,2023-11-15
784,Arjun Patel,Female,Kolkata,2023-07-09
785,Isha Joshi,Male,Pune,2022-03-04
786,Aisha Kapoor,Female,Pune,2023-05-02
787,Pooja Gupta,Female,Bangalore,2022-03-22
788,Aisha Sharma,Male,Mumbai,2023-04-05
789,Rohan Mehta,Male,Kolkata,2022-07-17
790,Kabir Sharma,Female,Mumbai,2023-12-01
791,Isha Gupta,Male,Kolkata,2023-09-02
792,Ishaan Iyer,Male,Mumbai,2023-02-02
793,Sara Nair,Female,Kolkata,2022-10-10
794,Riya Reddy,Male,Kolkata,2023-10-01
795,Pooja Kapoor,Female,Mumbai,2023-03-01
796,Kabir Mehta,Male,Mumbai,2023-07-31
797,Arjun Khan,Female,Hyderabad,2022-09-28
798,Aisha Reddy,Female,Mumbai,2022-06-26
799,Ishaan Nair,Male,Pune,2023-09-16
800,Aisha Sharma,Female,Bangalore,2022-09-01
801,Vivaan Reddy,Female,Bangalore,2022-01-21
802,Ananya Khan,Female,Bangalore,2023-05-19
803,Arjun Gupta,Male,Bangalore,2023-03-30
804,Ananya Khan,Female,Pune,2023-10-24
805,Aditya Gupta,Female,Delhi,2023-02-21
806,Meera Kapoor,Female,Kolkata,2022-02-27
807,Riya Mehta,Male,Bangalore,2023-06-03
808,Aisha Mehta,Male,Delhi,2022-07-17
809,Rahul Sharma,Male,Mumbai,2023-04-13
810,Vivaan Iyer,Male,Bangalore,2023-01-13
811,Kavya Kapoor,Female,Chennai,2022-05-07
812,Aarav Gupta,Female,Hyderabad,2023-09-01
813,Kavya Mehta,Female,Pune,2023-07-19
814,Diya Iyer,Male,Kolkata,2022-09-22
815,Aditya Khan,Male,Hyderabad,2022-02-20
816,Rohan Joshi,Male,Kolkata,2022-08-15
817,Karan Gupta,Female,Chennai,2023-02-24
818,Riya Sharma,Male,Hyderabad,2022-05-16
819,Rohan Joshi,Male,Delhi,2022-09-16
820,Neha Khan,Female,Hyderabad,2023-01-21
821,Diya Reddy,Female,Delhi,2023-04-23
822,Varun Kapoor,Female,Pune,2022-04-15
823,Aarav Kapoor,Female,Pune,2023-10-25
824,Neha Joshi,Female,Bangalore,2023-12-02
825,Arjun Reddy,Male,Bangalore,2022-10-11
826,Ananya Khan,Female,Chennai,2023-10-30
827,Varun Gupta,Male,Pune,2022-09-04
828,Vivaan Joshi,Female,Chennai,2022-11-24
829,Kabir Sharma,Female,Bangalore,2022-09-23
830,Isha Nair,Female,Chennai,2022-02-06
831,Pooja Joshi,Male,Bangalore,2022-08-16
832,Sara Reddy,Female,Pune,2022-11-04
833,Rohan Kapoor,Male,Bangalore,2022-04-10
834,Meera Mehta,Female,Chennai,2023-07-27
835,Rohan Iyer,Male,Delhi,2022-12-30
836,Karan Khan,Female,Kolkata,2022-12-06
837,Diya Khan,Female,Hyderabad,2022-05-01
838,Meera Sharma,Male,Hyderabad,2022-07-19
839,Riya Patel,Female,Pune,2022-11-02
840,Isha Sharma,Male,Delhi,2022-07-25
841,Ananya Nair,Female,Delhi,2022-11-20
842,Rohan Patel,Female,Bangalore,2023-10-09
843,Rohan Iyer,Male,Mumbai,2023-04-08
844,Ishaan Gupta,Male,Pune,2022-06-12
845,Meera Patel,Male,Pune,2023-03-21
846,Isha Nair,Female,Hyderabad,2023-01-28
847,Aarav Sharma,Male,Chennai,2023-01-18
848,Aarav Iyer,Male,Mumbai,2023-11-24
849,Aarav Gupta,Male,Chennai,2022-12-19
850,Varun Mehta,Male,Hyderabad,2023-05-31
851,Pooja Khan,Male,Mumbai,2022-02-16
852,Varun Khan,Female,Chennai,2023-06-17
853,Neha Kapoor,Female,Hyderabad,2022-05-18
854,Ananya Reddy,Female,Kolkata,2022-07-12
855,Rohan Nair,Male,Delhi,2022-08-18
856,Kabir Gupta,Male,Pune,2023-06-01
857,Rohan Patel,Female,Chennai,2023-10-29
858,Vivaan Nair,Female,Kolkata,2023-07-02
859,Neha Sharma,Male,Chennai,2022-04-21
860,Aarav Sharma,Male,Hyderabad,2023-03-31
861,Aisha Patel,Female,Hyderabad,2022-06-06
862,Rahul Sharma,Female,Hyderabad,2023-11-09
863,Arjun Kapoor,Female,Pune,2023-09-13
864,Kabir Nair,Male,Pune,2023-09-25
865,Arjun Khan,Male,Kolkata,2022-04-19
866,Meera Gupta,Male,Kolkata,2022-09-27
867,Riya Gupta,Female,Chennai,2023-02-24
868,Varun Mehta,Male,Pune,2023-05-24
869,Rahul Reddy,Female,Delhi,2022-01-03
870,Aarav Patel,Male,Kolkata,2023-08-11
871,Meera Mehta,Male,Kolkata,2023-06-08
872,Aditya Patel,Female,Chennai,2022-08-25
873,Kavya Khan,Female,Hyderabad,2022-02-21
874,Arjun Mehta,Male,Kolkata,2022-10-25
875,Diya Iyer,Female,Chennai,2022-04-29
876,Arjun Sharma,Male,Kolkata,2022-05-22
877,Rohan Iyer,Female,Hyderabad,2023-09-29
878,Ishaan Patel,Female,Kolkata,2022-12-17
879,Rohan Patel,Female,Hyderabad,2023-04-13
880,Ishaan Nair,Female,Kolkata,2023-03-08
881,Rohan Patel,Male,Chennai,2022-03-02
882,Rohan Patel,Female,Pune,2023-05-10
883,Pooja Reddy,Male,Pune,2023-01-24
884,Diya Joshi,Male,Kolkata,2023-12-02
885,Kabir Reddy,Female,Mumbai,2023-02-26
886,Kavya Sharma,Male,Bangalore,2023-11-02
887,Ananya Sharma,Male,Chennai,2022-12-13
888,Riya Kapoor,Male,Hyderabad,2023-11-09
889,Karan Reddy,Female,Chennai,2023-11-24
890,Aisha Mehta,Male,Mumbai,2023-10-21
891,Rohan Kapoor,Female,Kolkata,2023-05-23
892,Rohan Patel,Female,Bangalore,2022-09-04
893,Ananya Khan,Male,Pune,2022-08-17
894,Sara Nair,Female,Kolkata,2022-08-29
895,Aditya Reddy,Female,Kolkata,2023-08-10
896,Kavya Patel,Female,Hyderabad,2022-11-20
897,Arjun Reddy,Male,Mumbai,2023-02-18
898,Isha Sharma,Male,Kolkata,2022-04-04
899,Neha Joshi,Female,Pune,2023-07-30
900,Rahul Reddy,Female,Bangalore,2022-02-25
901,Karan Reddy,Female,Pune,2023-09-27
902,Neha Reddy,Female,Chennai,2023-04-09
903,Arjun Patel,Male,Mumbai,2022-12-16
904,Diya Khan,Female,Chennai,2022-04-19
905,Vivaan Mehta,Female,Delhi,2023-02-24
906,Arjun Khan,Male,Delhi,2022-05-04
907,Aisha Gupta,Female,Kolkata,2022-07-15
908,Ananya Patel,Female,Mumbai,2023-10-11
909,Pooja Patel,Female,Hyderabad,2023-11-06
910,Pooja Kapoor,Male,Hyderabad,2022-01-05
911,Riya Sharma,Female,Kolkata,2023-08-23
912,Meera Kapoor,Male,Chennai,2023-08-16
913,Rohan Mehta,Male,Hyderabad,2023-11-05
914,Neha Joshi,Female,Pune,2023-01-29
915,Isha Joshi,Male,Bangalore,2023-02-12
916,Ananya Khan,Female,Kolkata,2022-05-17
917,Kabir Nair,Female,Kolkata,2023-07-15
918,Ananya Kapoor,Male,Delhi,2022-08-03
919,Neha Khan,Female,Chennai,2022-05-16
920,Rohan Kapoor,Female,Chennai,2022-04-29
921,Diya Kapoor,Female,Pune,2023-08-08
922,Isha Kapoor,Female,Kolkata,2023-03-09
923,Aarav Kapoor,Male,Mumbai,2023-01-26
924,Kabir Sharma,Male,Delhi,2022-10-01
925,Rohan Khan,Female,Delhi,2022-03-05
926,Varun Gupta,Male,Bangalore,2023-04-09
927,Arjun Joshi,Male,Chennai,2023-10-25
928,Sara Nair,Male,Pune,2022-10-22
929,Vivaan Nair,Female,Hyderabad,2022-11-17
930,Sara Sharma,Male,Chennai,2022-09-15
931,Rahul Joshi,Female,Kolkata,2022-08-19
932,Diya Joshi,Male,Kolkata,2022-07-18
933,Varun Reddy,Male,Chennai,2022-03-18
934,Rohan Mehta,Male,Hyderabad,2022-02-11
935,Isha Khan,Female,Delhi,2022-06-14
936,Pooja Khan,Male,Bangalore,2023-04-23
937,Kabir Sharma,Male,Bangalore,2023-09-04
938,Vivaan Joshi,Female,Hyderabad,2023-08-10
939,Sara Iyer,Male,Kolkata,2022-11-22
940,Riya Gupta,Male,Pune,2022-03-11
941,Riya Mehta,Female,Pune,2023-07-04
942,Aisha Patel,Female,Delhi,2022-08-07
943,Ananya Iyer,Female,Bangalore,2022-08-12
944,Neha Kapoor,Female,Pune,2023-10-27
945,Aarav Patel,Female,Hyderabad,2022-09-04
946,Neha Joshi,Male,Mumbai,2023-11-30
947,Ananya Nair,Male,Hyderabad,2022-09-20
948,Sara Khan,Male,Pune,2023-01-19
949,Riya Kapoor,Female,Hyderabad,2022-02-14
950,Varun Gupta,Female,Pune,2022-03-26
951,Arjun Mehta,Male,Chennai,2022-03-09
952,Rahul Gupta,Female,Kolkata,2022-04-17
953,Rahul Kapoor,Female,Chennai,2022-03-15
954,Kabir Sharma,Female,Chennai,2022-12-06
955,Vivaan Patel,Male,Mumbai,2022-07-02
956,Ishaan Kapoor,Male,Pune,2022-08-22
957,Ishaan Nair,Female,Hyderabad,2023-10-08
958,Aisha Nair,Female,Mumbai,2023-02-03
959,Arjun Kapoor,Male,Chennai,2023-09-26
960,Aditya Joshi,Male,Chennai,2022-03-16
961,Diya Kapoor,Male,Bangalore,2022-11-05
962,Neha Patel,Female,Kolkata,2023-03-25
963,Aisha Nair,Male,Hyderabad,2022-06-10
964,Sara Gupta,Male,Chennai,2023-02-05
965,Sara Khan,Male,Bangalore,2023-11-25
966,Diya Sharma,Male,Mumbai,2022-02-12
967,Aarav Joshi,Female,Pune,2023-07-15
968,Aditya Khan,Male,Chennai,2022-12-19
969,Rahul Nair,Male,Delhi,2022-07-08
970,Karan Joshi,Female,Delhi,2022-04-28
971,Rohan Joshi,Male,Kolkata,2023-07-17
972,Kavya Kapoor,Male,Bangalore,2023-11-19
973,Aditya Khan,Male,Delhi,2023-08-18
974,Meera Iyer,Female,Delhi,2023-11-19
975,Karan Patel,Female,Pune,2022-03-13
976,Rahul Iyer,Female,Hyderabad,2022-12-03
977,Neha Khan,Male,Pune,2023-08-04
978,Diya Iyer,Female,Delhi,2022-01-05
979,Ananya Gupta,Male,Chennai,2023-10-19
980,Isha Khan,Female,Delhi,2023-11-27
981,Ananya Reddy,Female,Hyderabad,2023-01-03
982,Varun Reddy,Male,Delhi,2023-10-24
983,Neha Patel,Female,Kolkata,2022-05-24
984,Sara Gupta,Female,Chennai,2023-10-04
985,Aditya Patel,Male,Kolkata,2023-06-04
986,Aarav Joshi,Female,Kolkata,2023-08-28
987,Rahul Sharma,Female,Pune,2023-07-07
988,Meera Mehta,Female,Hyderabad,2022-08-17
989,Pooja Khan,Male,Hyderabad,2023-05-29
990,Riya Patel,Female,Bangalore,2023-05-30
991,Aarav Gupta,Male,Kolkata,2023-06-11
992,Kabir Reddy,Male,Delhi,2023-08-03
993,Pooja Mehta,Female,Bangalore,2022-02-11
994,Karan Reddy,Male,Mumbai,2022-09-28
995,Diya Gupta,Male,Chennai,2022-07-31
996,Riya Iyer,Female,Hyderabad,2023-04-11
997,Vivaan Sharma,Female,Mumbai,2023-06-18
998,Ishaan Khan,Male,Hyderabad,2023-11-01
999,Aisha Iyer,Male,Pune,2022-09-15
1000,Aisha Gupta,Female,Bangalore,2022-12-20
